model,threshold,precision,recall,f1,accuracy,true_positives,false_positives,true_negatives,false_negatives
TF-IDF,0.05,0.2857142857142857,0.5,0.36363636363636365,0.65,2,5,11,2
TF-IDF,0.1,0.0,0.0,0.0,0.65,0,3,13,4
TF-IDF,0.15,0.0,0.0,0.0,0.7,0,2,14,4
TF-IDF,0.2,0.0,0.0,0.0,0.75,0,1,15,4
TF-IDF,0.25,0.0,0.0,0.0,0.75,0,1,15,4
TF-IDF,0.3,0.0,0.0,0.0,0.8,0,0,16,4
TF-IDF,0.35,0.0,0.0,0.0,0.8,0,0,16,4
TF-IDF,0.4,0.0,0.0,0.0,0.8,0,0,16,4
TF-IDF,0.45,0.0,0.0,0.0,0.8,0,0,16,4
TF-IDF,0.5,0.0,0.0,0.0,0.8,0,0,16,4
TF-IDF,0.55,0.0,0.0,0.0,0.8,0,0,16,4
TF-IDF,0.6,0.0,0.0,0.0,0.8,0,0,16,4
TF-IDF,0.65,0.0,0.0,0.0,0.8,0,0,16,4
TF-IDF,0.7,0.0,0.0,0.0,0.8,0,0,16,4
TF-IDF,0.75,0.0,0.0,0.0,0.8,0,0,16,4
TF-IDF,0.8,0.0,0.0,0.0,0.8,0,0,16,4
TF-IDF,0.85,0.0,0.0,0.0,0.8,0,0,16,4
TF-IDF,0.9,0.0,0.0,0.0,0.8,0,0,16,4
Sentence Transformer,0.05,0.2,1.0,0.3333333333333333,0.2,4,16,0,0
Sentence Transformer,0.1,0.2,1.0,0.3333333333333333,0.2,4,16,0,0
Sentence Transformer,0.15,0.26666666666666666,1.0,0.42105263157894735,0.45,4,11,5,0
Sentence Transformer,0.2,0.2857142857142857,1.0,0.4444444444444444,0.5,4,10,6,0
Sentence Transformer,0.25,0.4,1.0,0.5714285714285714,0.7,4,6,10,0
Sentence Transformer,0.3,0.5,1.0,0.6666666666666666,0.8,4,4,12,0
Sentence Transformer,0.35,0.5,1.0,0.6666666666666666,0.8,4,4,12,0
Sentence Transformer,0.4,0.6666666666666666,1.0,0.8,0.9,4,2,14,0
Sentence Transformer,0.45,0.6666666666666666,1.0,0.8,0.9,4,2,14,0
Sentence Transformer,0.5,1.0,1.0,1.0,1.0,4,0,16,0
Sentence Transformer,0.55,1.0,0.5,0.6666666666666666,0.9,2,0,16,2
Sentence Transformer,0.6,1.0,0.5,0.6666666666666666,0.9,2,0,16,2
Sentence Transformer,0.65,0.0,0.0,0.0,0.8,0,0,16,4
Sentence Transformer,0.7,0.0,0.0,0.0,0.8,0,0,16,4
Sentence Transformer,0.75,0.0,0.0,0.0,0.8,0,0,16,4
Sentence Transformer,0.8,0.0,0.0,0.0,0.8,0,0,16,4
Sentence Transformer,0.85,0.0,0.0,0.0,0.8,0,0,16,4
Sentence Transformer,0.9,0.0,0.0,0.0,0.8,0,0,16,4
